email_text,intent
Happy with how you resolved reward.,Appreciation
Is there any information about software?,Inquiry
password reset is not working properly.,Complaint
Your account will be deactivated unless you verify account.,Spam
I wish to join your company as a server issue.,Job Application
I want to update my order.,Request
Can you help me student discount?,Request
Is there any information about API integration?,Inquiry
Congratulations! You have been selected for API integration.,Spam
Congratulations! You have been selected for password reset.,Spam
Thank you for helping me with password reset.,Appreciation
Could you explain how delivery works?,Inquiry
I want to know more about subscription.,Inquiry
Please find my resume for the upgrade role.,Job Application
Could you explain how reward works?,Inquiry
I want to apply for the delivery position.,Job Application
I need support regarding exclusive deal.,Request
Your account will be deactivated unless you verify API integration.,Spam
Claim your free order now!,Spam
Your account will be deactivated unless you verify order.,Spam
Thank you for helping me with invoice.,Appreciation
I am not satisfied with student discount.,Complaint
Your support for service update was amazing!,Appreciation
Please find my resume for the subscription role.,Job Application
I wish to join your company as a application.,Job Application
Thank you for helping me with offer.,Appreciation
You won a delivery prize. Click to claim.,Spam
I wish to join your company as a order.,Job Application
I am not satisfied with invoice.,Complaint
I want to apply for the delivery position.,Job Application
Kindly consider my application for data request.,Job Application
I want to report a complaint about student discount.,Complaint
Click here to get a free account.,Spam
Please find my resume for the order role.,Job Application
I need help with software.,Request
Your support for service update was amazing!,Appreciation
Claim your free payment issue now!,Spam
There is an issue with offer.,Complaint
Happy with how you resolved payment issue.,Appreciation
Claim your free payment issue now!,Spam
Happy with how you resolved payment issue.,Appreciation
Happy with how you resolved order.,Appreciation
I wish to join your company as a subscription.,Job Application
Your account will be deactivated unless you verify student discount.,Spam
Please find my resume for the data request role.,Job Application
I want to know more about reward.,Inquiry
You won a exclusive deal prize. Click to claim.,Spam
Is there any information about software?,Inquiry
Can you help me upgrade?,Request
You won a account prize. Click to claim.,Spam
You won a software prize. Click to claim.,Spam
I want to know more about delivery.,Inquiry
Claim your free upgrade now!,Spam
Great job handling student discount.,Appreciation
Could you explain how delivery works?,Inquiry
Is there any information about order?,Inquiry
I am not satisfied with server issue.,Complaint
I am not satisfied with payment issue.,Complaint
Congratulations! You have been selected for upgrade.,Spam
Can you provide details on server issue?,Inquiry
I wish to join your company as a premium plan.,Job Application
I appreciate your assistance with exclusive deal.,Appreciation
Your support for offer was amazing!,Appreciation
Please assist me in reward.,Request
Kindly consider my application for reward.,Job Application
software is not working properly.,Complaint
Great job handling order.,Appreciation
I need help with ticket.,Request
Can you clarify the process of application?,Inquiry
Could you explain how delivery works?,Inquiry
Can you clarify the process of student discount?,Inquiry
API integration is not working properly.,Complaint
I want to report a complaint about API integration.,Complaint
I received a faulty order.,Complaint
Can you help me software?,Request
Please assist me in software.,Request
Click here to get a free exclusive deal.,Spam
Your account will be deactivated unless you verify password reset.,Spam
There is an issue with payment issue.,Complaint
Your account will be deactivated unless you verify account.,Spam
I am not satisfied with payment issue.,Complaint
I wish to join your company as a exclusive deal.,Job Application
I wish to join your company as a invoice.,Job Application
Great job handling student discount.,Appreciation
Kindly consider my application for invoice.,Job Application
Can you clarify the process of exclusive deal?,Inquiry
invoice is not working properly.,Complaint
Can you provide details on delivery?,Inquiry
I appreciate your assistance with service update.,Appreciation
Can you clarify the process of data request?,Inquiry
Congratulations! You have been selected for account.,Spam
Please find my resume for the reward role.,Job Application
I received a faulty order.,Complaint
Thank you for helping me with invoice.,Appreciation
Is there any information about software?,Inquiry
I received a faulty software.,Complaint
Thank you for helping me with offer.,Appreciation
I want to report a complaint about invoice.,Complaint
Could you explain how student discount works?,Inquiry
Please assist me in delivery.,Request
I need help with server issue.,Request
Your account will be deactivated unless you verify invoice.,Spam
Happy with how you resolved offer.,Appreciation
Please assist me in invoice.,Request
Your support for payment issue was amazing!,Appreciation
I received a faulty offer.,Complaint
Please assist me in student discount.,Request
I received a faulty student discount.,Complaint
Thank you for helping me with premium plan.,Appreciation
Click here to get a free service update.,Spam
Congratulations! You have been selected for software.,Spam
Could you explain how offer works?,Inquiry
I need support regarding server issue.,Request
Thank you for helping me with ticket.,Appreciation
Click here to get a free order.,Spam
Click here to get a free delivery.,Spam
I want to report a complaint about subscription.,Complaint
I want to know more about student discount.,Inquiry
Your account will be deactivated unless you verify premium plan.,Spam
Claim your free delivery now!,Spam
Can you provide details on premium plan?,Inquiry
order is not working properly.,Complaint
Your account will be deactivated unless you verify service update.,Spam
I want to update my account.,Request
I am not satisfied with order.,Complaint
Click here to get a free account.,Spam
Can you clarify the process of offer?,Inquiry
There is an issue with service update.,Complaint
Could you explain how data request works?,Inquiry
Please find my resume for the premium plan role.,Job Application
Your account will be deactivated unless you verify data request.,Spam
Click here to get a free subscription.,Spam
I appreciate your assistance with password reset.,Appreciation
I want to know more about server issue.,Inquiry
I want to update my ticket.,Request
I received a faulty invoice.,Complaint
Can you clarify the process of payment issue?,Inquiry
I want to know more about password reset.,Inquiry
Is there any information about service update?,Inquiry
Could you explain how student discount works?,Inquiry
I am not satisfied with order.,Complaint
Can you help me account?,Request
I wish to join your company as a student discount.,Job Application
I want to report a complaint about student discount.,Complaint
Click here to get a free exclusive deal.,Spam
Can you help me application?,Request
There is an issue with student discount.,Complaint
Can you clarify the process of delivery?,Inquiry
Great job handling data request.,Appreciation
Congratulations! You have been selected for password reset.,Spam
I want to apply for the upgrade position.,Job Application
Could you explain how server issue works?,Inquiry
There is an issue with delivery.,Complaint
I need help with student discount.,Request
Happy with how you resolved ticket.,Appreciation
Kindly consider my application for delivery.,Job Application
Please find my resume for the account role.,Job Application
Congratulations! You have been selected for data request.,Spam
data request is not working properly.,Complaint
I need help with upgrade.,Request
Please assist me in invoice.,Request
Can you provide details on reward?,Inquiry
Could you explain how invoice works?,Inquiry
I want to update my data request.,Request
I wish to join your company as a ticket.,Job Application
Your support for student discount was amazing!,Appreciation
I want to apply for the service update position.,Job Application
Can you help me password reset?,Request
I want to know more about order.,Inquiry
I wish to join your company as a service update.,Job Application
I want to apply for the software position.,Job Application
Please assist me in upgrade.,Request
I want to apply for the offer position.,Job Application
I want to update my premium plan.,Request
I appreciate your assistance with exclusive deal.,Appreciation
Could you explain how reward works?,Inquiry
Happy with how you resolved API integration.,Appreciation
You won a delivery prize. Click to claim.,Spam
Please find my resume for the payment issue role.,Job Application
Can you help me premium plan?,Request
application is not working properly.,Complaint
Happy with how you resolved payment issue.,Appreciation
Thank you for helping me with offer.,Appreciation
I received a faulty reward.,Complaint
Is there any information about exclusive deal?,Inquiry
Claim your free account now!,Spam
Kindly consider my application for application.,Job Application
I am interested in the job opening for exclusive deal.,Job Application
I want to know more about data request.,Inquiry
I want to know more about payment issue.,Inquiry
You won a ticket prize. Click to claim.,Spam
I appreciate your assistance with reward.,Appreciation
I wish to join your company as a delivery.,Job Application
Claim your free account now!,Spam
I am interested in the job opening for subscription.,Job Application
I am not satisfied with reward.,Complaint
Kindly consider my application for invoice.,Job Application
Thank you for helping me with payment issue.,Appreciation
Is there any information about data request?,Inquiry
Can you help me order?,Request
Can you provide details on invoice?,Inquiry
Great job handling invoice.,Appreciation
Your account will be deactivated unless you verify password reset.,Spam
Can you provide details on reward?,Inquiry
There is an issue with service update.,Complaint
invoice is not working properly.,Complaint
delivery is not working properly.,Complaint
I need help with premium plan.,Request
Can you help me password reset?,Request
I want to apply for the invoice position.,Job Application
Click here to get a free application.,Spam
Your support for offer was amazing!,Appreciation
Happy with how you resolved order.,Appreciation
Congratulations! You have been selected for reward.,Spam
Can you provide details on upgrade?,Inquiry
I need help with API integration.,Request
There is an issue with software.,Complaint
I want to update my reward.,Request
data request is not working properly.,Complaint
Please assist me in software.,Request
API integration is not working properly.,Complaint
Can you clarify the process of reward?,Inquiry
Is there any information about account?,Inquiry
I need help with invoice.,Request
There is an issue with password reset.,Complaint
I need support regarding exclusive deal.,Request
Can you provide details on reward?,Inquiry
I need help with service update.,Request
I wish to join your company as a server issue.,Job Application
I appreciate your assistance with password reset.,Appreciation
Your account will be deactivated unless you verify exclusive deal.,Spam
Please find my resume for the service update role.,Job Application
Can you help me delivery?,Request
Thank you for helping me with account.,Appreciation
Claim your free data request now!,Spam
I need help with offer.,Request
Thank you for helping me with API integration.,Appreciation
I am interested in the job opening for password reset.,Job Application
I am interested in the job opening for order.,Job Application
Please assist me in ticket.,Request
Happy with how you resolved delivery.,Appreciation
Your account will be deactivated unless you verify account.,Spam
I received a faulty application.,Complaint
Great job handling API integration.,Appreciation
I wish to join your company as a API integration.,Job Application
I wish to join your company as a payment issue.,Job Application
I want to update my premium plan.,Request
I am not satisfied with API integration.,Complaint
I want to update my offer.,Request
Your account will be deactivated unless you verify reward.,Spam
Could you explain how student discount works?,Inquiry
Great job handling payment issue.,Appreciation
Thank you for helping me with software.,Appreciation
I want to report a complaint about API integration.,Complaint
I am not satisfied with payment issue.,Complaint
I received a faulty invoice.,Complaint
Your support for invoice was amazing!,Appreciation
Could you explain how premium plan works?,Inquiry
Congratulations! You have been selected for exclusive deal.,Spam
You won a exclusive deal prize. Click to claim.,Spam
Please assist me in offer.,Request
I want to update my exclusive deal.,Request
There is an issue with data request.,Complaint
You won a upgrade prize. Click to claim.,Spam
Thank you for helping me with software.,Appreciation
I want to apply for the account position.,Job Application
I need help with server issue.,Request
Can you clarify the process of exclusive deal?,Inquiry
I want to report a complaint about delivery.,Complaint
I need support regarding server issue.,Request
Kindly consider my application for service update.,Job Application
I appreciate your assistance with exclusive deal.,Appreciation
I want to apply for the payment issue position.,Job Application
I wish to join your company as a data request.,Job Application
Congratulations! You have been selected for ticket.,Spam
Can you provide details on premium plan?,Inquiry
Claim your free account now!,Spam
Can you help me account?,Request
Your account will be deactivated unless you verify server issue.,Spam
I need help with API integration.,Request
Can you provide details on order?,Inquiry
I want to know more about server issue.,Inquiry
Your support for exclusive deal was amazing!,Appreciation
I received a faulty exclusive deal.,Complaint
I want to apply for the exclusive deal position.,Job Application
Congratulations! You have been selected for exclusive deal.,Spam
There is an issue with account.,Complaint
Happy with how you resolved offer.,Appreciation
I appreciate your assistance with server issue.,Appreciation
Congratulations! You have been selected for offer.,Spam
Please find my resume for the account role.,Job Application
Kindly consider my application for ticket.,Job Application
Can you clarify the process of upgrade?,Inquiry
I want to apply for the offer position.,Job Application
I wish to join your company as a API integration.,Job Application
I want to know more about offer.,Inquiry
Your account will be deactivated unless you verify invoice.,Spam
I want to update my exclusive deal.,Request
I wish to join your company as a invoice.,Job Application
Kindly consider my application for invoice.,Job Application
I received a faulty student discount.,Complaint
I want to report a complaint about service update.,Complaint
There is an issue with service update.,Complaint
Your support for service update was amazing!,Appreciation
Can you provide details on invoice?,Inquiry
Happy with how you resolved delivery.,Appreciation
You won a application prize. Click to claim.,Spam
I appreciate your assistance with delivery.,Appreciation
There is an issue with subscription.,Complaint
Your account will be deactivated unless you verify software.,Spam
I want to report a complaint about software.,Complaint
There is an issue with exclusive deal.,Complaint
I want to apply for the payment issue position.,Job Application
invoice is not working properly.,Complaint
I want to know more about application.,Inquiry
Great job handling ticket.,Appreciation
Can you provide details on invoice?,Inquiry
Your support for student discount was amazing!,Appreciation
Click here to get a free upgrade.,Spam
Can you help me ticket?,Request
Thank you for helping me with service update.,Appreciation
Your account will be deactivated unless you verify account.,Spam
Happy with how you resolved payment issue.,Appreciation
Please assist me in reward.,Request
Your support for invoice was amazing!,Appreciation
Great job handling account.,Appreciation
I received a faulty offer.,Complaint
Can you clarify the process of upgrade?,Inquiry
I appreciate your assistance with ticket.,Appreciation
I want to update my order.,Request
I received a faulty subscription.,Complaint
I need help with software.,Request
Your support for student discount was amazing!,Appreciation
Thank you for helping me with ticket.,Appreciation
Click here to get a free delivery.,Spam
Happy with how you resolved upgrade.,Appreciation
Your support for API integration was amazing!,Appreciation
Can you help me exclusive deal?,Request
I appreciate your assistance with upgrade.,Appreciation
I received a faulty application.,Complaint
Please assist me in API integration.,Request
Great job handling upgrade.,Appreciation
Thank you for helping me with account.,Appreciation
Congratulations! You have been selected for upgrade.,Spam
Please find my resume for the service update role.,Job Application
I am not satisfied with delivery.,Complaint
Thank you for helping me with reward.,Appreciation
I appreciate your assistance with payment issue.,Appreciation
I need support regarding server issue.,Request
Can you help me ticket?,Request
I wish to join your company as a server issue.,Job Application
Claim your free data request now!,Spam
I want to apply for the premium plan position.,Job Application
I need help with software.,Request
I want to report a complaint about API integration.,Complaint
Could you explain how software works?,Inquiry
I want to update my ticket.,Request
You won a invoice prize. Click to claim.,Spam
Please find my resume for the exclusive deal role.,Job Application
I appreciate your assistance with software.,Appreciation
Your support for reward was amazing!,Appreciation
I am interested in the job opening for account.,Job Application
You won a offer prize. Click to claim.,Spam
Is there any information about order?,Inquiry
Is there any information about server issue?,Inquiry
Is there any information about premium plan?,Inquiry
I am not satisfied with server issue.,Complaint
I need support regarding application.,Request
Please find my resume for the exclusive deal role.,Job Application
I need support regarding API integration.,Request
I want to apply for the server issue position.,Job Application
Click here to get a free exclusive deal.,Spam
I wish to join your company as a exclusive deal.,Job Application
Please assist me in payment issue.,Request
Your account will be deactivated unless you verify service update.,Spam
You won a reward prize. Click to claim.,Spam
Please assist me in account.,Request
I received a faulty subscription.,Complaint
I need help with ticket.,Request
I want to update my subscription.,Request
Great job handling API integration.,Appreciation
I need support regarding reward.,Request
Please find my resume for the payment issue role.,Job Application
I want to know more about password reset.,Inquiry
Happy with how you resolved subscription.,Appreciation
I am not satisfied with exclusive deal.,Complaint
I want to apply for the service update position.,Job Application
I want to update my account.,Request
I am interested in the job opening for password reset.,Job Application
I am interested in the job opening for order.,Job Application
Congratulations! You have been selected for data request.,Spam
I wish to join your company as a reward.,Job Application
Is there any information about application?,Inquiry
I want to report a complaint about delivery.,Complaint
Could you explain how reward works?,Inquiry
Great job handling upgrade.,Appreciation
I received a faulty premium plan.,Complaint
I am interested in the job opening for delivery.,Job Application
There is an issue with premium plan.,Complaint
Can you provide details on password reset?,Inquiry
Can you provide details on password reset?,Inquiry
I am not satisfied with password reset.,Complaint
Please assist me in payment issue.,Request
I want to report a complaint about password reset.,Complaint
Claim your free invoice now!,Spam
invoice is not working properly.,Complaint
Your support for service update was amazing!,Appreciation
Can you clarify the process of server issue?,Inquiry
I am not satisfied with reward.,Complaint
Thank you for helping me with ticket.,Appreciation
upgrade is not working properly.,Complaint
Please find my resume for the service update role.,Job Application
I need help with order.,Request
I want to report a complaint about offer.,Complaint
Great job handling premium plan.,Appreciation
Can you provide details on subscription?,Inquiry
I need support regarding subscription.,Request
Can you clarify the process of account?,Inquiry
Kindly consider my application for order.,Job Application
You won a reward prize. Click to claim.,Spam
I want to report a complaint about software.,Complaint
I am interested in the job opening for account.,Job Application
I received a faulty subscription.,Complaint
Your support for order was amazing!,Appreciation
Can you clarify the process of premium plan?,Inquiry
I want to update my order.,Request
Great job handling password reset.,Appreciation
I am not satisfied with premium plan.,Complaint
Can you clarify the process of service update?,Inquiry
I want to report a complaint about ticket.,Complaint
I want to know more about subscription.,Inquiry
I want to know more about data request.,Inquiry
I am not satisfied with service update.,Complaint
There is an issue with server issue.,Complaint
Please assist me in application.,Request
Please find my resume for the student discount role.,Job Application
I am not satisfied with server issue.,Complaint
Your support for ticket was amazing!,Appreciation
I want to report a complaint about account.,Complaint
Thank you for helping me with payment issue.,Appreciation
upgrade is not working properly.,Complaint
Could you explain how API integration works?,Inquiry
I received a faulty software.,Complaint
API integration is not working properly.,Complaint
Is there any information about upgrade?,Inquiry
Your account will be deactivated unless you verify software.,Spam
I am interested in the job opening for offer.,Job Application
I am not satisfied with exclusive deal.,Complaint
Thank you for helping me with student discount.,Appreciation
Can you help me upgrade?,Request
Claim your free reward now!,Spam
Please assist me in student discount.,Request
Your account will be deactivated unless you verify offer.,Spam
Congratulations! You have been selected for delivery.,Spam
Can you clarify the process of delivery?,Inquiry
payment issue is not working properly.,Complaint
order is not working properly.,Complaint
Great job handling upgrade.,Appreciation
You won a software prize. Click to claim.,Spam
You won a reward prize. Click to claim.,Spam
Please assist me in upgrade.,Request
I want to update my exclusive deal.,Request
Is there any information about application?,Inquiry
Kindly consider my application for student discount.,Job Application
I want to know more about offer.,Inquiry
Click here to get a free payment issue.,Spam
I want to apply for the upgrade position.,Job Application
Could you explain how API integration works?,Inquiry
Could you explain how application works?,Inquiry
Can you clarify the process of student discount?,Inquiry
I want to update my ticket.,Request
Click here to get a free order.,Spam
Is there any information about password reset?,Inquiry
Is there any information about student discount?,Inquiry
Your support for reward was amazing!,Appreciation
Your support for reward was amazing!,Appreciation
Can you clarify the process of application?,Inquiry
I received a faulty subscription.,Complaint
I wish to join your company as a data request.,Job Application
I need support regarding exclusive deal.,Request
Your account will be deactivated unless you verify server issue.,Spam
I need help with API integration.,Request
I appreciate your assistance with service update.,Appreciation
Congratulations! You have been selected for ticket.,Spam
Your account will be deactivated unless you verify ticket.,Spam
Is there any information about application?,Inquiry
Can you help me upgrade?,Request
I want to update my premium plan.,Request
Please find my resume for the API integration role.,Job Application
I am not satisfied with software.,Complaint
Can you provide details on application?,Inquiry
I want to apply for the software position.,Job Application
reward is not working properly.,Complaint
service update is not working properly.,Complaint
I want to apply for the API integration position.,Job Application
I want to report a complaint about API integration.,Complaint
Happy with how you resolved server issue.,Appreciation
I appreciate your assistance with offer.,Appreciation
I wish to join your company as a service update.,Job Application
Happy with how you resolved payment issue.,Appreciation
Could you explain how premium plan works?,Inquiry
Click here to get a free data request.,Spam
Congratulations! You have been selected for server issue.,Spam
ticket is not working properly.,Complaint
I want to apply for the data request position.,Job Application
Your account will be deactivated unless you verify upgrade.,Spam
Congratulations! You have been selected for software.,Spam
Could you explain how service update works?,Inquiry
Happy with how you resolved delivery.,Appreciation
I appreciate your assistance with payment issue.,Appreciation
offer is not working properly.,Complaint
I appreciate your assistance with account.,Appreciation
I received a faulty password reset.,Complaint
Can you clarify the process of data request?,Inquiry
I appreciate your assistance with API integration.,Appreciation
Can you provide details on upgrade?,Inquiry
Your support for server issue was amazing!,Appreciation
Congratulations! You have been selected for payment issue.,Spam
I appreciate your assistance with payment issue.,Appreciation
I want to apply for the payment issue position.,Job Application
Congratulations! You have been selected for application.,Spam
Claim your free premium plan now!,Spam
Congratulations! You have been selected for payment issue.,Spam
I need help with exclusive deal.,Request
Congratulations! You have been selected for student discount.,Spam
I am interested in the job opening for student discount.,Job Application
Can you clarify the process of order?,Inquiry
I am interested in the job opening for student discount.,Job Application
Could you explain how application works?,Inquiry
I appreciate your assistance with data request.,Appreciation
Congratulations! You have been selected for premium plan.,Spam
Click here to get a free offer.,Spam
Claim your free API integration now!,Spam
application is not working properly.,Complaint
I wish to join your company as a subscription.,Job Application
Great job handling delivery.,Appreciation
I appreciate your assistance with service update.,Appreciation
I am not satisfied with ticket.,Complaint
Your support for offer was amazing!,Appreciation
I want to apply for the upgrade position.,Job Application
Please assist me in invoice.,Request
I appreciate your assistance with server issue.,Appreciation
I received a faulty server issue.,Complaint
I am interested in the job opening for subscription.,Job Application
I need support regarding exclusive deal.,Request
I want to apply for the premium plan position.,Job Application
I am interested in the job opening for premium plan.,Job Application
Great job handling reward.,Appreciation
I wish to join your company as a offer.,Job Application
I appreciate your assistance with API integration.,Appreciation
Kindly consider my application for server issue.,Job Application
I appreciate your assistance with data request.,Appreciation
Congratulations! You have been selected for offer.,Spam
Can you help me delivery?,Request
I received a faulty service update.,Complaint
I want to update my subscription.,Request
I need help with subscription.,Request
Your account will be deactivated unless you verify application.,Spam
Kindly consider my application for offer.,Job Application
Great job handling password reset.,Appreciation
Is there any information about student discount?,Inquiry
I am interested in the job opening for password reset.,Job Application
I am interested in the job opening for ticket.,Job Application
Click here to get a free offer.,Spam
I want to update my server issue.,Request
You won a student discount prize. Click to claim.,Spam
I am interested in the job opening for invoice.,Job Application
I received a faulty offer.,Complaint
Click here to get a free software.,Spam
I need help with exclusive deal.,Request
I appreciate your assistance with API integration.,Appreciation
I am not satisfied with ticket.,Complaint
I want to apply for the software position.,Job Application
Claim your free upgrade now!,Spam
Please assist me in password reset.,Request
You won a application prize. Click to claim.,Spam
I am interested in the job opening for account.,Job Application
Can you provide details on software?,Inquiry
There is an issue with order.,Complaint
Please assist me in order.,Request
I need help with subscription.,Request
I want to apply for the student discount position.,Job Application
Happy with how you resolved reward.,Appreciation
I am interested in the job opening for application.,Job Application
Kindly consider my application for reward.,Job Application
exclusive deal is not working properly.,Complaint
Claim your free delivery now!,Spam
Could you explain how service update works?,Inquiry
Click here to get a free student discount.,Spam
I want to apply for the offer position.,Job Application
I received a faulty order.,Complaint
I want to update my offer.,Request
Please assist me in password reset.,Request
Could you explain how upgrade works?,Inquiry
Please assist me in offer.,Request
I want to apply for the invoice position.,Job Application
I need help with API integration.,Request
Click here to get a free account.,Spam
Congratulations! You have been selected for ticket.,Spam
I am not satisfied with application.,Complaint
I need help with data request.,Request
I am not satisfied with application.,Complaint
I want to apply for the order position.,Job Application
I want to know more about account.,Inquiry
Can you provide details on account?,Inquiry
Your account will be deactivated unless you verify delivery.,Spam
I want to know more about service update.,Inquiry
I wish to join your company as a data request.,Job Application
Great job handling premium plan.,Appreciation
I am interested in the job opening for offer.,Job Application
Can you provide details on software?,Inquiry
Please find my resume for the premium plan role.,Job Application
I am interested in the job opening for student discount.,Job Application
Your account will be deactivated unless you verify password reset.,Spam
I want to update my upgrade.,Request
Please find my resume for the API integration role.,Job Application
Great job handling reward.,Appreciation
Congratulations! You have been selected for service update.,Spam
Happy with how you resolved student discount.,Appreciation
I am interested in the job opening for reward.,Job Application
There is an issue with account.,Complaint
Kindly consider my application for payment issue.,Job Application
Congratulations! You have been selected for password reset.,Spam
I appreciate your assistance with subscription.,Appreciation
Is there any information about offer?,Inquiry
Can you clarify the process of reward?,Inquiry
I want to apply for the delivery position.,Job Application
I am interested in the job opening for API integration.,Job Application
Is there any information about invoice?,Inquiry
Your support for API integration was amazing!,Appreciation
I wish to join your company as a payment issue.,Job Application
Could you explain how data request works?,Inquiry
You won a account prize. Click to claim.,Spam
Claim your free premium plan now!,Spam
I received a faulty ticket.,Complaint
Is there any information about order?,Inquiry
I need support regarding student discount.,Request
Great job handling reward.,Appreciation
I wish to join your company as a data request.,Job Application
I am not satisfied with payment issue.,Complaint
I need help with exclusive deal.,Request
data request is not working properly.,Complaint
I am not satisfied with software.,Complaint
I need help with reward.,Request
Please assist me in account.,Request
Kindly consider my application for payment issue.,Job Application
I appreciate your assistance with password reset.,Appreciation
Great job handling API integration.,Appreciation
You won a upgrade prize. Click to claim.,Spam
Claim your free student discount now!,Spam
Can you clarify the process of order?,Inquiry
I am not satisfied with password reset.,Complaint
Can you provide details on order?,Inquiry
Your account will be deactivated unless you verify API integration.,Spam
I wish to join your company as a software.,Job Application
I want to report a complaint about server issue.,Complaint
Your account will be deactivated unless you verify service update.,Spam
Thank you for helping me with password reset.,Appreciation
I want to apply for the invoice position.,Job Application
Can you help me subscription?,Request
I appreciate your assistance with upgrade.,Appreciation
There is an issue with reward.,Complaint
Can you provide details on order?,Inquiry
Can you clarify the process of payment issue?,Inquiry
Claim your free service update now!,Spam
Is there any information about invoice?,Inquiry
Is there any information about service update?,Inquiry
I wish to join your company as a reward.,Job Application
Please find my resume for the ticket role.,Job Application
Is there any information about application?,Inquiry
Thank you for helping me with invoice.,Appreciation
Your account will be deactivated unless you verify server issue.,Spam
I need help with payment issue.,Request
You won a software prize. Click to claim.,Spam
I need support regarding exclusive deal.,Request
I am not satisfied with API integration.,Complaint
There is an issue with API integration.,Complaint
account is not working properly.,Complaint
You won a student discount prize. Click to claim.,Spam
I want to report a complaint about exclusive deal.,Complaint
subscription is not working properly.,Complaint
Can you help me reward?,Request
I want to apply for the payment issue position.,Job Application
I need help with ticket.,Request
Please find my resume for the delivery role.,Job Application
There is an issue with upgrade.,Complaint
Thank you for helping me with account.,Appreciation
Click here to get a free server issue.,Spam
Your support for student discount was amazing!,Appreciation
I want to report a complaint about upgrade.,Complaint
Can you provide details on data request?,Inquiry
Can you help me premium plan?,Request
Is there any information about ticket?,Inquiry
I want to report a complaint about student discount.,Complaint
I received a faulty data request.,Complaint
I am interested in the job opening for application.,Job Application
I wish to join your company as a password reset.,Job Application
You won a application prize. Click to claim.,Spam
Can you clarify the process of account?,Inquiry
I am not satisfied with invoice.,Complaint
Thank you for helping me with ticket.,Appreciation
Great job handling student discount.,Appreciation
Please assist me in subscription.,Request
There is an issue with account.,Complaint
Can you help me service update?,Request
You won a account prize. Click to claim.,Spam
Kindly consider my application for student discount.,Job Application
Great job handling student discount.,Appreciation
I want to report a complaint about subscription.,Complaint
I want to report a complaint about upgrade.,Complaint
Your account will be deactivated unless you verify offer.,Spam
I am interested in the job opening for ticket.,Job Application
I wish to join your company as a subscription.,Job Application
Great job handling delivery.,Appreciation
I am interested in the job opening for upgrade.,Job Application
Happy with how you resolved server issue.,Appreciation
Can you provide details on order?,Inquiry
Can you provide details on account?,Inquiry
I need help with API integration.,Request
I received a faulty data request.,Complaint
I want to report a complaint about software.,Complaint
Can you help me payment issue?,Request
I want to apply for the subscription position.,Job Application
I wish to join your company as a offer.,Job Application
Your account will be deactivated unless you verify password reset.,Spam
There is an issue with upgrade.,Complaint
I wish to join your company as a ticket.,Job Application
Could you explain how data request works?,Inquiry
account is not working properly.,Complaint
I want to apply for the service update position.,Job Application
Could you explain how order works?,Inquiry
Can you provide details on ticket?,Inquiry
Please find my resume for the reward role.,Job Application
Is there any information about server issue?,Inquiry
Please assist me in API integration.,Request
Is there any information about exclusive deal?,Inquiry
I appreciate your assistance with server issue.,Appreciation
I want to apply for the order position.,Job Application
Your account will be deactivated unless you verify exclusive deal.,Spam
Please assist me in service update.,Request
Could you explain how application works?,Inquiry
Claim your free API integration now!,Spam
Congratulations! You have been selected for server issue.,Spam
I want to apply for the order position.,Job Application
Claim your free account now!,Spam
You won a exclusive deal prize. Click to claim.,Spam
I want to know more about data request.,Inquiry
You won a delivery prize. Click to claim.,Spam
I need support regarding exclusive deal.,Request
delivery is not working properly.,Complaint
Can you help me application?,Request
I received a faulty ticket.,Complaint
You won a exclusive deal prize. Click to claim.,Spam
I received a faulty data request.,Complaint
I need support regarding payment issue.,Request
Congratulations! You have been selected for account.,Spam
Click here to get a free API integration.,Spam
Claim your free ticket now!,Spam
Your support for software was amazing!,Appreciation
Your account will be deactivated unless you verify password reset.,Spam
You won a premium plan prize. Click to claim.,Spam
reward is not working properly.,Complaint
Can you provide details on premium plan?,Inquiry
I want to report a complaint about ticket.,Complaint
I need help with software.,Request
Can you clarify the process of subscription?,Inquiry
Congratulations! You have been selected for delivery.,Spam
Could you explain how reward works?,Inquiry
Can you clarify the process of exclusive deal?,Inquiry
I wish to join your company as a API integration.,Job Application
Happy with how you resolved software.,Appreciation
Can you help me application?,Request
premium plan is not working properly.,Complaint
I am not satisfied with exclusive deal.,Complaint
Kindly consider my application for server issue.,Job Application
Click here to get a free reward.,Spam
I want to apply for the application position.,Job Application
I need help with subscription.,Request
Can you provide details on API integration?,Inquiry
Could you explain how password reset works?,Inquiry
Click here to get a free API integration.,Spam
Please assist me in ticket.,Request
Congratulations! You have been selected for ticket.,Spam
Is there any information about data request?,Inquiry
I am not satisfied with subscription.,Complaint
Great job handling data request.,Appreciation
I wish to join your company as a password reset.,Job Application
I need support regarding student discount.,Request
I appreciate your assistance with password reset.,Appreciation
Happy with how you resolved upgrade.,Appreciation
password reset is not working properly.,Complaint
Great job handling invoice.,Appreciation
I wish to join your company as a delivery.,Job Application
Claim your free application now!,Spam
Can you clarify the process of API integration?,Inquiry
Your support for data request was amazing!,Appreciation
Happy with how you resolved reward.,Appreciation
Thank you for helping me with order.,Appreciation
Happy with how you resolved account.,Appreciation
Thank you for helping me with order.,Appreciation
